7500435019224,Magistral,Detergente MAGISTRAL limon x300 ml,300,10
7500435019231,Magistral,Detergente MAGISTRAL limon x500 ml,500,12
7500435019286,Magistral,Detergente MAGISTRAL marina x500 ml,500,14
7500435023078,Magistral,Detergente MAGISTRAL naranja x500 ml,500,15
Magistral,Detergente MAGISTRAL manzana x500 ml,500,16
7506339343717,Magistral,Detergente MAGISTRAL power clean limon x500 ml,500,14
7500435023115,Magistral,Detergente MAGISTRAL marina x300 ml,300,22
7506339398946,Magistral,Detergente MAGISTRAL aloe x300 ml,300,75
7506339398953,Magistral,Detergente MAGISTRAL aloe x500 ml,500,45
7506339398984,Magistral,Detergente MAGISTRAL lavanda y vainilla x500 ml,500,312
7791290000674,Detergente ALA ultra doble poder limon x300 ml,300,23
7791290000728,Ala,Detergente ALA ultra doble poder aloe x300 ml,300,345
7791290000735,Ala,Detergente ALA ultra doble poder cremoso con glicerina x300 ml,300,776
7791290012387,Ala,Detergente ALA plus cremoso con colageno x750 ml,750,853
7791290012394,Ala,750,4
7791290012400,Ala,Detergente ALA plus frutas citricas x750 ml,750,3
7791290012417,Ala,Detergente ALA plus cremoso con aloe vera x750 ml,750,2
7791290012448,Ala,Detergente ALA plus te verde y pera x750 ml,750,21
7791290012455,Ala,Detergente ALA plus limon x750 ml,750
7791290010574,Cif,Detergente CIF active gel limon verde doypack repuesto x450 ml,450,11
7791290012158,Cif,Detergente CIF active gel limon x300 ml,300,13
7791290012189,Cif,Detergente CIF active gel limon verde x300 ml,300,15
7791290012226,Cif,Detergente CIF active gel citrica x300 ml,300,16
7791290012233,Cif,Detergente CIF active gel citrica x500 ml,500,17
7791290786479,Cif,Detergente CIF active gel limon verde x500 ml,500,15
7791290786486,Cif,Detergente CIF active gel limon x500 ml,500,23
7791290786578,Cif,Detergente CIF active gel limon doypack repuesto x450 ml,450,76
7791290787568,Cif,Detergente CIF active gel extra antibacterial x300 ml,300,46
7791290787575,Cif,Detergente CIF active gel extra antibacterial x500 ml,500,313
7622300834593,Royal,Gelatina ROYAL sabor a frutilla sin T.A.C.C. x40 gr,40,24
7622300834654,Royal,Gelatina ROYAL sabor a frambuesa sin T.A.C.C. x40 gr,40,346
7622300834685,Royal,Gelatina ROYAL sabor a durazno sin T.A.C.C. x40 gr,40,777
7622300834715,Royal,Gelatina ROYAL sabor a manzana sin T.A.C.C. x40 gr,40,854
7622300865559,Royal,Gelatina ROYAL sabor a cereza sin T.A.C.C. x40 gr,40,5
7622300865580,Royal,Gelatina ROYAL sabor a frutilla light sin T.A.C.C. x25 gr,25,4
7622300865597,Royal,Gelatina ROYAL sabor a cereza light sin T.A.C.C. x25 gr,25,3
7622300865641,Royal,Gelatina ROYAL sabor a naranja light sin T.A.C.C. x25 gr,25,22
7790580110604,BC,Gelatina BC la campagnola sabor a anana x20 gr,20,142
7790580110659,Godet,Gelatina GODET sabor a naranja x30 gr,20,12
7790580110673,Godet,Gelatina GODET sabor a frambuesa x30 gr,20,14
7790580110680,Godet,Gelatina GODET sabor a cereza x30 gr,20,16
7790580110697,Godet,Gelatina GODET sabor a frutilla x30 gr,20,17
7790580110635,Bc,Gelatina BC la campagnola sabor cereza x20 gr,20,18
7790580110642,Bc,Gelatina BC la campagnola sabor frutilla x20 gr,20,16
7790580236212,Godet,Polvo para bizcochuelo GODET sabor a limon x480 gr,480,24
7790580236519,Godet,Polvo para bizcochuelo GODET marmolado x500 gr,500,77
7790580626419,Godet,Polvo para bizcochuelo GODET sabor a vainilla x480 gr,480,47
7790580626600,Godet,Polvo para bizcochuelo GODET sabor a chocolate x480 gr,480,314
7790580626709,Godet,Polvo para bizcochuelo GODET sabor a naranja x480 gr,480,25
7790580626907,Godet,Polvo para bizcochuelo GODET sabor a coco x480 gr,480,347
7794000001992,Maizena,Polvo para bizcochuelo MAIZENA sabor vainilla x500 gr,500,778
7794000002111,Maizena,Polvo para bizcochuelo MAIZENA sabor limon x500 gr,500,855
7506295304340,Old Spice,Desodorante OLD SPICE showtime body spray x150 ml,150,6
7702018992133,Old Spice,Desodorante OLD SPICE fresh body spray x150 ml,150,5
7702018992164,Old Spice,Desodorante OLD SPICE after party body spray x150 ml,150,4
7506309839110,Old Spice,Desodorante OLD SPICE wolfthorn body spray x152 ml,152,23
7506309839127,Old Spice,Desodorante OLD SPICE re fresh body spray x152 ml,152,143
Old Spice,Desodorante OLD SPICE foxcrest body spray x152 ml,152,13
7506309864778,Old Spice,Desodorante OLD SPICE vip antitranspirante spray x152 ml,152,15
7791293025780,Axe,Desodorante AXE apollo body spray x150 ml,150,17
7791293025896,Axe,Desodorante AXE apollo body spray x152 ml,152,18
7791293025803,Axe,Desodorante AXE excite body spray x150 ml,150,19
7791293025810,Axe,Desodorante AXE fusion body spray x150 ml,150,17
7791293025827,Axe,Desodorante AXE marine body spray x150 ml,150,25
7791293025834,Axe,Desodorante AXE musk body spray x150 ml,150,78
7791293028781,Axe,Desodorante AXE black body spray x150 ml,150,48
7791293028774,Axe,Desodorante AXE black body spray x152 ml,152,315
7791293032979,Axe,Desodorante AXE you body spray x150 ml,150,26,
7791293034737,Axe,Desodorante AXE collision body spray x150 ml,150,348
7506306226852,Axe,Desodorante AXE anarchy for her body spray x150 ml,150,779
7506306233348,Axe,Desodorante AXE antibacterial protection body spray x152 ml,152,856
7506306233355,Axe,Desodorante AXE adrenaline body spray x152 ml,152,7
7506306233362,Axe,Desodorante AXE urban body spray x152 ml,152,6
7791293025797,Axe,Desodorante AXE dark temptation body spray x150 ml,150,5
7791293025889,Axe,Desodorante AXE dark temptation body spray x152 ml,152,24
7791293025865,Axe,Desodorante AXE gold temptation body spray x150 ml,150,144
7791293032153,Axe,Desodorante AXE black night body spray x150 ml,150,14
7791293036564,Axe,Desodorante AXE lollapaloza body spray x150 ml,150,16
7791293027722,Patrichs,Desodorante PATRICHS luomo x164 ml,164,18
7791293027715,Patrichs,Desodorante PATRICHS noir x150 ml,150,19
7791293027739,Patrichs,Desodorante PATRICHS terra x150 ml,150,20
7791293027746,Patrichs,Desodorante PATRICHS air x164 ml,164,18
7791600018344,Kevin,Desodorante KEVIN black spray x150 ml,150,26
7791600037239,Kevin,Desodorante KEVIN spray x150 ml,150,79
7791600037345,Kevin,Desodorante KEVIN spray x250 ml,250,49
7791600164454,Kevin,Desodorante KEVIN park spray x150 ml,150,316
7791600596460,Kevin,Desodorante KEVIN absolute spray x150 ml,150,27
7791600603359,Kevin,Desodorante KEVIN spirit spray x150 ml,150,349
7791600028589,Colbert,Desodorante COLBERT acqua spray x150 ml,150,780
7791600087128,Colbert,Desodorante COLBERT us spray x150 ml,150,857
7791600174651,Colbert,Desodorante COLBERT noir spray x150 ml,150,8
7791600192372,Colbert,Desodorante COLBERT spray x150 ml,150,7
7791600571535,Colbert,Desodorante COLBERT pino spray x150 ml,150,6
7791600742478,Colbert,Desodorante COLBERT space spray x150 ml,150,25
7791600060473,Chester,Desodorante CHESTER ice spray x150 ml,150,145
7791293000053,Rexona,Desodorante REXONA teens music fan aerosol femenino x180 ml,180,15
7791293004020,Rexona,Desodorante REXONA citrus aerosol femenino x175 ml,175,17
7791293005270,Rexona,Desodorante REXONA superhero aerosol masculino x175 ml,175,19
7791293005287,Rexona,Desodorante REXONA naturals bioprotection balance antitranspirante femenino x175 ml,175,20
7791293005348,Rexona,Desodorante REXONA hipoalergenico naturals organics aerosol femenino x177 ml,177,21
7791293009155,Rexona,Desodorante REXONA extra fresh antitranspirante aerosol femenino x175 ml,175,19
7791293011745,Rexona,Desodorante REXONA tuning v12 antitranpirante aerosol masculino x175 ml,175,27
7791293011769,Rexona,Desodorante REXONA sin perfume antitranspirante aerosol femenino x177 ml,177,80
7791293012056,Rexona,Desodorante REXONA adventure antitranspirante aerosol masculino x175 ml,175,50
7791293012827,Rexona,Desodorante REXONA teens love antitranspirante aerosol femenino x108 ml,108,317
7791293014845,Rexona,Desodorante REXONA extra cool antitranspirante aerosol masculino x150 ml,150,28
7791293021256,Rexona,Desodorante REXONA motionsense aquashield antitranspirante aerosol masculino x175 ml,175,350
7791293022505,Rexona,Desodorante REXONA motionsense hombre antitranspirante aerosol masculino x150 ml,150,781
7791293022529,Rexona,Desodorante REXONA motionsense quantum dry antitranspirante aerosol masculino x150 ml,150,858
7791293022536,Rexona,Desodorante REXONA motionsense sensitive antitranspirante aerosol masculino x150 ml,150,9
7791293022543,Rexona,Desodorante REXONA motionsense sportfan antitranspirante aerosol masculino x150 ml,150,8
7791293022567,Rexona,Desodorante REXONA motionsense v8 antitranspirante aerosol masculino x150 ml,150,7
7791293022581,Rexona,Desodorante REXONA motionsense xtra cool antitranspirante aerosol masculino x150 ml,150,26
7791293022635,Rexona,Desodorante REXONA motionsense invisible antitranspirante aerosol masculino x150 ml,150,146
7791293023175,Rexona,Desodorante REXONA motionsense futbol fanatics antitranspirante aerosol masculino x150 ml,150,16
7791293023342,Rexona,Desodorante REXONA bamboo antitranspirante aerosol femenino x175 ml,175,18
7791293023359,Rexona,Desodorante REXONA active emotion antitranspirante aerosol femenino x175 ml,175,20
7791293025537,Rexona,Desodorante REXONA motionsense antibacterial protection antitranpirante aerosol masculino x150 ml,150,21
7791293025544,Rexona,Desodorante REXONA antibacterial protection antitranspirante aerosol femenino x175 ml,175,22
7791293026732,Rexona,Desodorante REXONA cotton antitranspirante aerosol femenino x175 ml,175,20
7791293026916,Rexona,Desodorante REXONA nutritive antitranspirante aerosol femenino x175 ml,175,28
7791293026947,Rexona,Desodorante REXONA calming antitranspirante aerosol femenino x175 ml,175,81
7791293026978,Rexona,Desodorante REXONA crystal antitranspirante aerosol femenino x175 ml,175,51
7791293027074,Rexona,Desodorante REXONA powder dry antitranspirante aerosol femenino x150 ml,150,318
7791293032269,Rexona,Desodorante REXONA motionsense antibacterial fresh antitranpirante masculino x150 ml,150,29
7791293032276,Rexona,Desodorante REXONA motionsense antibacterial fresh antitranpirante x150 ml,150,351
7791293032405,Rexona,Desodorante REXONA motionsense nutritive antitranspirante femenino x150 ml,150,782
7791293032443,Rexona,Desodorante REXONA motionsense active emotion antitranpirante femenino x150 ml,150,859
7791293032450,Rexona,Desodorante REXONA motionsense bamboo antitranpirante femenino x150 ml,150,10
7791293032467,Rexona,Desodorante REXONA motionsense cotton dry antitranpirante femenino aerosol x150 ml,150,9
7791293032474,Rexona,Desodorante REXONA motionsense extra fresh antitranpirante femenino x150 ml,150,8
7791293032481,Rexona,Desodorante REXONA motionsense invisible antitranspirante aerosol  x150 ml,150,27
7791293036045,Rexona,Desodorante REXONA motionsense stay fresh pomelo y verbena antitranspirante aerosol  x150 ml,150,147
7791293036052,Rexona,Desodorante REXONA motionsense stay fresh flores blancas y lichi antitranspirante aerosol  x150 ml,150,17
7791293521480,Rexona,Desodorante REXONA ultra guarana spray aerosol masculino x160 ml,160,19
7791293568942,Rexona,Desodorante REXONA invisible anti manchas blancas antitranspirante aerosol masculino x150 ml,150,21
7791293990620,Rexona,Desodorante REXONA sportfan antitranspirante aerosol masculino x175 ml ,175,22
0000077904331,Rexona,Desodorante REXONA motionsense antibacterial protection antitranspirante aerosol comprimido x85 ml,85,30
0000077942234,Rexona,Desodorante REXONA motionsense powder dry antitranspirante aerosol comprimido x85 ml,85,21
0000077942241,Rexona,Desodorante REXONA motionsense bamboo antitranspirante aerosol comprimido x85 ml,85,29
0000077954107,Rexona,Desodorante REXONA motionsense antibacterial invisible antitranspirante aerosol comprimido x85 ml,85,82
0000077942227,Rexona,Desodorante REXONA motionsense cotton antitranspirante aerosol comprimido x85 ml,85,52
7791293002071,Rexona,Desoderante REXONA teens energy antitranspirante aerosol x102 ml,102,319
7791293848259,Rexona,Desoderante REXONA skin care calming antitranspirante aerosol x175 ml,175,30
7791293848266,Rexona,Desoderante REXONA skin care neutral antitranspirante aerosol x175 ml,175,352
7791293848341,Rexona,Desoderante REXONA nutritive antitranspirante aerosol x175 ml,175,783
7791293004198,Rexona,Desoderante REXONA women hair minimising antitranspirante aerosol x177 ml,177,860
0000077941824,Dove,Desodorante DOVE original antitranspirante aerosol comprimido x85 ml,85,11
0000077941855,Dove,Desodorante DOVE pepino antitranspirante aerosol comprimido femenino x85 ml,85,10
0000077941879,Dove,Desodorante DOVE invisible dry antitranspirante aerosol comprimido femenino x85 ml,85,9
0000077946317,Dove,Desodorante DOVE powder soft antitranspirante aerosol comprimido femenino x85 ml,85,28
7506306241152,Dove,Desodorante DOVE dermoaclarant antitranspirante aerosol femenino x150 ml,150,148
7506306241169,Dove,Desodorante DOVE go fresh pepino antitranspirante aerosol femenino x150 ml,150,18
7506306241176,Dove,Desodorante DOVE invisible dry antitranspirante aerosol femenino x150 ml,150,20
7506306241183,Dove,Desodorante DOVE original antitranspirante aerosol x150 ml,150,22
7791293006154,Dove,Desodorante DOVE energy dry men care antitranspirante aerosol x150 ml,150,23
